{
	"trailColor": "66B1FFFF",
	"trailParam": 5,
	"trailLength": 19,
	"trailWidth": 8,
	"trailInterval": 30,
	"trailRotation": true,
	"trailEffect": {
		"type": "MultiEffect",
		"lifetime": 32,
		"layer": 105,
		"effects": [
			{
				"type": "ParticleEffect",
				"lightOpacity": 0,
				"length": 105,
				"cone": 0,
				"randLength": false,
				"sizeFrom": 45,
				"sizeTo": 45,
				"region": "ct-菱形2",
				"particles": 1,
				"lifetime": 35,
				"colorFrom": "66B1FFFF",
				"colorTo": "66B1FFFF",
				"spin": 6.5
			},
			{
				"type": "ParticleEffect",
				"lightOpacity": 0,
				"length": 105,
				"cone": 0,
				"randLength": false,
				"sizeFrom": 60,
				"sizeTo": 60,
				"region": "ct-菱形3",
				"particles": 1,
				"lifetime": 35,
				"colorFrom": "66B1FFFF",
				"colorTo": "66B1FFFF",
				"spin": -6.5
			}
		]
	},
}